{
  "model_id": "forensic_residual_pca_rbfsvc",
  "method": "Residual co-occurrence features with StandardScaler, PCA whitening, and an RBF-kernel SVM.",
  "config": {
    "feature_path": "data/processed/residual_cooc128.npy",
    "split_path": "data/processed/splits.csv",
    "model_id": "forensic_residual_pca_rbfsvc",
    "image_size": 128,
    "train_limit": 6000,
    "pca_components": 128,
    "svm_c": 3.0,
    "svm_gamma": "scale",
    "seed_min": 0,
    "seed_max": 30
  },
  "selected_seed": 25,
  "selected_by": "validation_roc_auc, then validation_accuracy_tuned",
  "threshold": 0.051609670205979244,
  "feature_shape": [
    20000,
    9072
  ],
  "train_n": 6000,
  "val_n": 3003,
  "test_n": 2998,
  "val_metrics": {
    "accuracy": 0.8258408258408259,
    "balanced_accuracy": 0.8258375907406603,
    "precision": 0.8197256694970607,
    "recall": 0.8355525965379494,
    "f1": 0.8275634685130234,
    "roc_auc": 0.9055316872639723,
    "pr_auc": 0.9027984444037105,
    "kappa": 0.6516793728064583,
    "confusion_matrix": [
      [
        1225,
        276
      ],
      [
        247,
        1255
      ]
    ]
  },
  "test_metrics": {
    "accuracy": 0.8152101400933957,
    "balanced_accuracy": 0.8152101400933955,
    "precision": 0.8042498390212492,
    "recall": 0.8332221480987325,
    "f1": 0.8184796854521625,
    "roc_auc": 0.8946093036896735,
    "pr_auc": 0.8949210063846973,
    "kappa": 0.6304202801867912,
    "confusion_matrix": [
      [
        1195,
        304
      ],
      [
        250,
        1249
      ]
    ]
  }
}