modelo,accuracy,balanced_accuracy,precision,recall,f1,roc_auc,pr_auc,kappa
SVM con PCA sobre variables construidas,0.7434956637758505,0.7434956637758505,0.7333759590792839,0.7651767845230153,0.7489389487430623,0.8168674602280995,0.813582023467723,0.48699132755170116
SVM con PCA sobre diferencias locales de pixeles,0.8205470313542361,0.8205470313542362,0.8240053944706676,0.8152101400933957,0.8195841716968477,0.9050543368694539,0.9065432507801073,0.6410940627084722
